scenario_id;publication_treatment_intensity;legacy_output_label;netlogo_management_type;netlogo_management_frequency;management_start_year;management_start_tick;treatment_zone_width_m;zone_model_file;treatment_zone_file;notes
low_100m;Low intensity;lowintensity;cut;once;2025;17;100;IASExpansionModel_v22_management1_scenario.nlogo;recorte_100m.shp;Single cutting intervention in 2025.
intermediate_100m;Intermediate intensity;highintensity;cut+revegetation;annual;2025;17;100;IASExpansionModel_v22_management1_scenario.nlogo;recorte_100m.shp;Annual cutting plus revegetation from 2025 onwards,  legacy label was high intensity.
high_eradication_100m;High intensity (eradication);erradication;erradication;once;2025;17;100;IASExpansionModel_v22_management1_scenario.nlogo;recorte_100m.shp;Complete stand removal in 2025 plus revegetation,  'erradication' is the literal internal code/output spelling.
low_200m;Low intensity;lowintensity;cut;once;2025;17;200;IASExpansionModel_v22_management2_scenario.nlogo;recorte_200m.shp;Single cutting intervention in 2025.
intermediate_200m;Intermediate intensity;highintensity;cut+revegetation;annual;2025;17;200;IASExpansionModel_v22_management2_scenario.nlogo;recorte_200m.shp;Annual cutting plus revegetation from 2025 onwards,  legacy label was high intensity.
high_eradication_200m;High intensity (eradication);erradication;erradication;once;2025;17;200;IASExpansionModel_v22_management2_scenario.nlogo;recorte_200m.shp;Complete stand removal in 2025 plus revegetation,  'erradication' is the literal internal code/output spelling.
low_400m;Low intensity;lowintensity;cut;once;2025;17;400;IASExpansionModel_v22_management3_scenario.nlogo;recorte_400m.shp;Single cutting intervention in 2025.
intermediate_400m;Intermediate intensity;highintensity;cut+revegetation;annual;2025;17;400;IASExpansionModel_v22_management3_scenario.nlogo;recorte_400m.shp;Annual cutting plus revegetation from 2025 onwards,  legacy label was high intensity.
high_eradication_400m;High intensity (eradication);erradication;erradication;once;2025;17;400;IASExpansionModel_v22_management3_scenario.nlogo;recorte_400m.shp;Complete stand removal in 2025 plus revegetation,  'erradication' is the literal internal code/output spelling.
